Index;Image
1;/mnt/sentinel_1/IW/SLC/S1B_IW_SLC__1SDV_20190102T170611_20190102T170638_014318_01AA3A_DF7C.zip
2;/mnt/sentinel_1/IW/SLC/S1A_IW_SLC__1SDV_20190108T170653_20190108T170720_025389_02CFCA_76BF.zip
3;/mnt/sentinel_1/IW/SLC/S1B_IW_SLC__1SDV_20190114T170610_20190114T170637_014493_01AFDA_4150.zip
4;/mnt/sentinel_1/IW/SLC/S1A_IW_SLC__1SDV_20190120T170653_20190120T170720_025564_02D624_98F9.zip
5;/mnt/sentinel_1/IW/SLC/S1B_IW_SLC__1SDV_20190126T170610_20190126T170637_014668_01B575_7E13.zip
6;/mnt/sentinel_1/IW/SLC/S1A_IW_SLC__1SDV_20190201T170653_20190201T170720_025739_02DC84_1198.zip
7;/mnt/sentinel_1/IW/SLC/S1B_IW_SLC__1SDV_20190207T170610_20190207T170637_014843_01BB32_8E66.zip
8;/mnt/sentinel_1/IW/SLC/S1A_IW_SLC__1SDV_20190213T170652_20190213T170719_025914_02E2B7_545A.zip
9;/mnt/sentinel_1/IW/SLC/S1B_IW_SLC__1SDV_20190219T170610_20190219T170636_015018_01C0F8_8AE9.zip
10;/mnt/sentinel_1/IW/SLC/S1A_IW_SLC__1SDV_20190225T170652_20190225T170719_026089_02E8FC_E51C.zip
11;/mnt/sentinel_1/IW/SLC/S1B_IW_SLC__1SDV_20190303T170609_20190303T170636_015193_01C6B2_5A08.zip
12;/mnt/sentinel_1/IW/SLC/S1A_IW_SLC__1SDV_20190309T170652_20190309T170719_026264_02EF4C_1BBB.zip
13;/mnt/sentinel_1/IW/SLC/S1B_IW_SLC__1SDV_20190315T170609_20190315T170636_015368_01CC61_4714.zip
14;/mnt/sentinel_1/IW/SLC/S1A_IW_SLC__1SDV_20190321T170652_20190321T170719_026439_02F5B9_0B79.zip
15;/mnt/sentinel_1/IW/SLC/S1B_IW_SLC__1SDV_20190327T170610_20190327T170637_015543_01D224_F917.zip
16;/mnt/sentinel_1/IW/SLC/S1A_IW_SLC__1SDV_20190402T170653_20190402T170720_026614_02FC31_6869.zip
17;/mnt/sentinel_1/IW/SLC/S1B_IW_SLC__1SDV_20190408T170610_20190408T170637_015718_01D7E4_1314.zip
18;/mnt/sentinel_1/IW/SLC/S1A_IW_SLC__1SDV_20190414T170653_20190414T170720_026789_030297_73F8.zip
19;/mnt/sentinel_1/IW/SLC/S1B_IW_SLC__1SDV_20190420T170610_20190420T170637_015893_01DDAE_2647.zip
20;/mnt/sentinel_1/IW/SLC/S1A_IW_SLC__1SDV_20190426T170654_20190426T170721_026964_0308E8_C1B8.zip
21;/mnt/sentinel_1/IW/SLC/S1B_IW_SLC__1SDV_20190502T170611_20190502T170638_016068_01E387_8D46.zip
22;/mnt/sentinel_1/IW/SLC/S1A_IW_SLC__1SDV_20190508T170654_20190508T170721_027139_030F23_3342.zip
23;/mnt/sentinel_1/IW/SLC/S1B_IW_SLC__1SDV_20190514T170611_20190514T170638_016243_01E919_26EB.zip
24;/mnt/sentinel_1/IW/SLC/S1A_IW_SLC__1SDV_20190520T170655_20190520T170722_027314_03149B_F116.zip
25;/mnt/sentinel_1/IW/SLC/S1B_IW_SLC__1SDV_20190526T170612_20190526T170639_016418_01EE7B_7534.zip
26;/mnt/sentinel_1/IW/SLC/S1A_IW_SLC__1SDV_20190601T170655_20190601T170722_027489_031A0D_D951.zip
27;/mnt/sentinel_1/IW/SLC/S1B_IW_SLC__1SDV_20190607T170613_20190607T170640_016593_01F3B6_0C16.zip
28;/mnt/sentinel_1/IW/SLC/S1A_IW_SLC__1SDV_20190613T170656_20190613T170722_027664_031F5C_1489.zip
29;/mnt/sentinel_1/IW/SLC/S1B_IW_SLC__1SDV_20190619T170614_20190619T170641_016768_01F8EE_3402.zip
30;/mnt/sentinel_1/IW/SLC/S1A_IW_SLC__1SDV_20190625T170656_20190625T170723_027839_032493_E63B.zip
31;/mnt/sentinel_1/IW/SLC/S1B_IW_SLC__1SDV_20190701T170614_20190701T170641_016943_01FE1A_0871.zip
32;/mnt/sentinel_1/IW/SLC/S1A_IW_SLC__1SDV_20190707T170657_20190707T170724_028014_0329E9_6153.zip
33;/mnt/sentinel_1/IW/SLC/S1B_IW_SLC__1SDV_20190713T170615_20190713T170642_017118_020342_62ED.zip
34;/mnt/sentinel_1/IW/SLC/S1A_IW_SLC__1SDV_20190719T170658_20190719T170725_028189_032F2F_6479.zip
35;/mnt/sentinel_1/IW/SLC/S1B_IW_SLC__1SDV_20190725T170616_20190725T170643_017293_020856_738B.zip
36;/mnt/sentinel_1/IW/SLC/S1A_IW_SLC__1SDV_20190731T170659_20190731T170726_028364_033488_79D1.zip
37;/mnt/sentinel_1/IW/SLC/S1B_IW_SLC__1SDV_20190806T170616_20190806T170643_017468_020D98_E308.zip
38;/mnt/sentinel_1/IW/SLC/S1A_IW_SLC__1SDV_20190812T170700_20190812T170727_028539_033A29_11BB.zip
39;/mnt/sentinel_1/IW/SLC/S1B_IW_SLC__1SDV_20190818T170617_20190818T170644_017643_02130B_2A2C.zip
40;/mnt/sentinel_1/IW/SLC/S1A_IW_SLC__1SDV_20190824T170700_20190824T170727_028714_034031_A6E7.zip
41;/mnt/sentinel_1/IW/SLC/S1B_IW_SLC__1SDV_20190830T170618_20190830T170645_017818_02187F_EEA9.zip
42;/mnt/sentinel_1/IW/SLC/S1A_IW_SLC__1SDV_20190905T170701_20190905T170728_028889_03464D_BC1B.zip
43;/mnt/sentinel_1/IW/SLC/S1B_IW_SLC__1SDV_20190911T170618_20190911T170645_017993_021DF8_175A.zip
44;/mnt/sentinel_1/IW/SLC/S1A_IW_SLC__1SDV_20190917T170701_20190917T170728_029064_034C5E_428C.zip
45;/mnt/sentinel_1/IW/SLC/S1A_IW_SLC__1SDV_20190929T170702_20190929T170729_029239_035263_EC01.zip
46;/mnt/sentinel_1/IW/SLC/S1B_IW_SLC__1SDV_20191005T170619_20191005T170646_018343_0228DC_80ED.zip
47;/mnt/sentinel_1/IW/SLC/S1A_IW_SLC__1SDV_20191011T170702_20191011T170729_029414_035865_BB07.zip
48;/mnt/sentinel_1/IW/SLC/S1B_IW_SLC__1SDV_20191017T170619_20191017T170646_018518_022E41_B7FB.zip
49;/mnt/sentinel_1/IW/SLC/S1A_IW_SLC__1SDV_20191023T170702_20191023T170729_029589_035E65_F3DC.zip
50;/mnt/sentinel_1/IW/SLC/S1B_IW_SLC__1SDV_20191029T170619_20191029T170646_018693_0233B4_9F10.zip
51;/mnt/sentinel_1/IW/SLC/S1A_IW_SLC__1SDV_20191104T170702_20191104T170729_029764_036486_A602.zip
52;/mnt/sentinel_1/IW/SLC/S1B_IW_SLC__1SDV_20191110T170619_20191110T170646_018868_023957_C271.zip
53;/mnt/sentinel_1/IW/SLC/S1A_IW_SLC__1SDV_20191116T170702_20191116T170729_029939_036AAB_652A.zip
54;/mnt/sentinel_1/IW/SLC/S1B_IW_SLC__1SDV_20191122T170619_20191122T170646_019043_023EF9_09C7.zip
55;/mnt/sentinel_1/IW/SLC/S1A_IW_SLC__1SDV_20191128T170701_20191128T170728_030114_0370BD_A9D4.zip
56;/mnt/sentinel_1/IW/SLC/S1B_IW_SLC__1SDV_20191204T170618_20191204T170645_019218_024488_F624.zip
57;/mnt/sentinel_1/IW/SLC/S1A_IW_SLC__1SDV_20191210T170701_20191210T170728_030289_0376C2_ED33.zip
58;/mnt/sentinel_1/IW/SLC/S1B_IW_SLC__1SDV_20191216T170618_20191216T170645_019393_024A16_36D0.zip
59;/mnt/sentinel_1/IW/SLC/S1A_IW_SLC__1SDV_20191222T170700_20191222T170727_030464_037CCC_16C9.zip
60;/mnt/sentinel_1/IW/SLC/S1B_IW_SLC__1SDV_20191228T170617_20191228T170644_019568_024FA9_ED2F.zip
61;/mnt/sentinel_1/IW/SLC/S1A_IW_SLC__1SDV_20200103T170700_20200103T170727_030639_0382D5_6A12.zip
62;/mnt/sentinel_1/IW/SLC/S1B_IW_SLC__1SDV_20200109T170617_20200109T170644_019743_025539_44F4.zip
63;/mnt/sentinel_1/IW/SLC/S1A_IW_SLC__1SDV_20200115T170659_20200115T170726_030814_0388F3_5349.zip
64;/mnt/sentinel_1/IW/SLC/S1B_IW_SLC__1SDV_20200121T170616_20200121T170643_019918_025ACD_A686.zip
65;/mnt/sentinel_1/IW/SLC/S1A_IW_SLC__1SDV_20200127T170659_20200127T170726_030989_038F1D_093C.zip
66;/mnt/sentinel_1/IW/SLC/S1A_IW_SLC__1SDV_20200208T170659_20200208T170726_031164_03953C_3FD2.zip
67;/mnt/sentinel_1/IW/SLC/S1B_IW_SLC__1SDV_20200214T170616_20200214T170643_020268_026619_1DA0.zip
68;/mnt/sentinel_1/IW/SLC/S1A_IW_SLC__1SDV_20200220T170658_20200220T170725_031339_039B3F_9430.zip
69;/mnt/sentinel_1/IW/SLC/S1B_IW_SLC__1SDV_20200226T170615_20200226T170642_020443_026BBA_A108.zip
70;/mnt/sentinel_1/IW/SLC/S1A_IW_SLC__1SDV_20200303T170658_20200303T170725_031514_03A14B_C424.zip
71;/mnt/sentinel_1/IW/SLC/S1B_IW_SLC__1SDV_20200309T170616_20200309T170643_020618_02714B_D648.zip
72;/mnt/sentinel_1/IW/SLC/S1A_IW_SLC__1SDV_20200315T170659_20200315T170726_031689_03A75A_9352.zip
73;/mnt/sentinel_1/IW/SLC/S1B_IW_SLC__1SDV_20200321T170616_20200321T170643_020793_0276D4_9D36.zip
74;/mnt/sentinel_1/IW/SLC/S1A_IW_SLC__1SDV_20200327T170659_20200327T170726_031864_03AD83_7E19.zip
75;/mnt/sentinel_1/IW/SLC/S1B_IW_SLC__1SDV_20200402T170616_20200402T170643_020968_027C5A_AC63.zip
76;/mnt/sentinel_1/IW/SLC/S1A_IW_SLC__1SDV_20200408T170659_20200408T170726_032039_03B3B1_A456.zip
77;/mnt/sentinel_1/IW/SLC/S1B_IW_SLC__1SDV_20200414T170616_20200414T170643_021143_0281E5_46BB.zip
78;/mnt/sentinel_1/IW/SLC/S1A_IW_SLC__1SDV_20200420T170659_20200420T170726_032214_03B9D6_E8E4.zip
79;/mnt/sentinel_1/IW/SLC/S1B_IW_SLC__1SDV_20200426T170617_20200426T170644_021318_02876B_9A2A.zip
80;/mnt/sentinel_1/IW/SLC/S1A_IW_SLC__1SDV_20200502T170700_20200502T170727_032389_03BFFF_AC65.zip
81;/mnt/sentinel_1/IW/SLC/S1B_IW_SLC__1SDV_20200508T170618_20200508T170645_021493_028CEA_279A.zip
82;/mnt/sentinel_1/IW/SLC/S1A_IW_SLC__1SDV_20200514T170701_20200514T170728_032564_03C58C_38B7.zip
83;/mnt/sentinel_1/IW/SLC/S1B_IW_SLC__1SDV_20200520T170618_20200520T170645_021668_02921B_5887.zip
84;/mnt/sentinel_1/IW/SLC/S1A_IW_SLC__1SDV_20200526T170701_20200526T170728_032739_03CADB_5FF6.zip
85;/mnt/sentinel_1/IW/SLC/S1B_IW_SLC__1SDV_20200601T170619_20200601T170646_021843_029753_5123.zip
86;/mnt/sentinel_1/IW/SLC/S1A_IW_SLC__1SDV_20200607T170702_20200607T170729_032914_03D005_68E8.zip
87;/mnt/sentinel_1/IW/SLC/S1B_IW_SLC__1SDV_20200613T170620_20200613T170647_022018_029C91_FCD3.zip
88;/mnt/sentinel_1/IW/SLC/S1A_IW_SLC__1SDV_20200619T170703_20200619T170730_033089_03D54C_963D.zip
89;/mnt/sentinel_1/IW/SLC/S1B_IW_SLC__1SDV_20200625T170620_20200625T170647_022193_02A1E6_C83D.zip
90;/mnt/sentinel_1/IW/SLC/S1A_IW_SLC__1SDV_20200701T170703_20200701T170730_033264_03DA9B_CAB2.zip
91;/mnt/sentinel_1/IW/SLC/S1B_IW_SLC__1SDV_20200707T170621_20200707T170648_022368_02A73C_DFD1.zip
92;/mnt/sentinel_1/IW/SLC/S1A_IW_SLC__1SDV_20200713T170704_20200713T170731_033439_03DFF1_9DEF.zip
93;/mnt/sentinel_1/IW/SLC/S1B_IW_SLC__1SDV_20200719T170622_20200719T170649_022543_02AC8D_03C2.zip
94;/mnt/sentinel_1/IW/SLC/S1A_IW_SLC__1SDV_20200725T170705_20200725T170732_033614_03E551_64FB.zip
95;/mnt/sentinel_1/IW/SLC/S1B_IW_SLC__1SDV_20200731T170623_20200731T170650_022718_02B1DE_47BD.zip
96;/mnt/sentinel_1/IW/SLC/S1A_IW_SLC__1SDV_20200806T170706_20200806T170733_033789_03EAC1_4D6E.zip
97;/mnt/sentinel_1/IW/SLC/S1B_IW_SLC__1SDV_20200812T170623_20200812T170650_022893_02B744_BDE2.zip
98;/mnt/sentinel_1/IW/SLC/S1A_IW_SLC__1SDV_20200818T170706_20200818T170733_033964_03F0E6_8E0F.zip
99;/mnt/sentinel_1/IW/SLC/S1B_IW_SLC__1SDV_20200824T170624_20200824T170651_023068_02BCC8_564F.zip
100;/mnt/sentinel_1/IW/SLC/S1A_IW_SLC__1SDV_20200830T170707_20200830T170734_034139_03F712_6897.zip
101;/mnt/sentinel_1/IW/SLC/S1B_IW_SLC__1SDV_20200905T170624_20200905T170651_023243_02C237_8237.zip
102;/mnt/sentinel_1/IW/SLC/S1A_IW_SLC__1SDV_20200911T170708_20200911T170735_034314_03FD32_0E44.zip
103;/mnt/sentinel_1/IW/SLC/S1B_IW_SLC__1SDV_20200917T170625_20200917T170652_023418_02C7BE_5104.zip
104;/mnt/sentinel_1/IW/SLC/S1A_IW_SLC__1SDV_20200923T170708_20200923T170735_034489_040367_1DD1.zip
105;/mnt/sentinel_1/IW/SLC/S1B_IW_SLC__1SDV_20200929T170625_20200929T170652_023593_02CD35_C7B3.zip
106;/mnt/sentinel_1/IW/SLC/S1A_IW_SLC__1SDV_20201005T170708_20201005T170735_034664_04098A_F401.zip
107;/mnt/sentinel_1/IW/SLC/S1B_IW_SLC__1SDV_20201011T170625_20201011T170652_023768_02D2A4_D5BB.zip
108;/mnt/sentinel_1/IW/SLC/S1A_IW_SLC__1SDV_20201017T170708_20201017T170735_034839_040FAE_0EA3.zip
109;/mnt/sentinel_1/IW/SLC/S1B_IW_SLC__1SDV_20201023T170625_20201023T170652_023943_02D81D_1F2A.zip
110;/mnt/sentinel_1/IW/SLC/S1A_IW_SLC__1SDV_20201029T170708_20201029T170735_035014_0415A6_45FC.zip
111;/mnt/sentinel_1/IW/SLC/S1B_IW_SLC__1SDV_20201104T170625_20201104T170652_024118_02DD85_1741.zip
112;/mnt/sentinel_1/IW/SLC/S1A_IW_SLC__1SDV_20201110T170708_20201110T170735_035189_041BBF_E438.zip
113;/mnt/sentinel_1/IW/SLC/S1B_IW_SLC__1SDV_20201116T170625_20201116T170652_024293_02E30D_B555.zip
